<?xml version="1.0" encoding="UTF-8" standalone="no"?>
<Canvas xmlns="http://www.jgrasp.org">
  <Language>Java</Language>
  <ShowTypes>false</ShowTypes>
  <Version>2</Version>
  <Grid>
    <Snap>true</Snap>
    <Show>false</Show>
  </Grid>
  <Scope id="0">
    <Name>main</Name>
    <Signature>([Ljava/lang/String;)V</Signature>
    <DeclaringType>DoublyLinkedListSortExample</DeclaringType>
    <Depth>0</Depth>
  </Scope>
  <Frame>
    <Bounds>
      <AutoSize>false</AutoSize>
      <X>260</X>
      <Y>50</Y>
      <W>608</W>
      <H>129</H>
    </Bounds>
    <PanelSize>
      <Key>java__lang__Object_BarGraphView0</Key>
      <Order>4</Order>
      <W>614</W>
      <H>162</H>
    </PanelSize>
    <Viewer>
      <ScopeID>0</ScopeID>
      <Expression>`local jgraspvex.DoublyLinkedList` list</Expression>
      <ViewerClass>java__lang__Object_BarGraphView</ViewerClass>
    </Viewer>
  </Frame>
  <Frame>
    <Bounds>
      <AutoSize>true</AutoSize>
      <X>60</X>
      <Y>50</Y>
      <W>107</W>
      <H>242</H>
    </Bounds>
    <Viewer>
      <ScopeID>0</ScopeID>
      <Expression>`local jgraspvex.DoublyLinkedList` list</Expression>
      <ViewerClass>java__util__Collection_ToStringView</ViewerClass>
    </Viewer>
  </Frame>
  <Frame>
    <Bounds>
      <AutoSize>false</AutoSize>
      <X>260</X>
      <Y>230</Y>
      <W>898</W>
      <H>788</H>
    </Bounds>
    <PanelSize>
      <Key>java__lang__Object_LinkedView0</Key>
      <Order>4</Order>
      <W>904</W>
      <H>821</H>
    </PanelSize>
    <Viewer>
      <ScopeID>0</ScopeID>
      <Expression>`local jgraspvex.DoublyLinkedList` list</Expression>
      <ViewerClass>java__lang__Object_LinkedView</ViewerClass>
    </Viewer>
  </Frame>
  <Size>
    <W>1225</W>
    <H>1180</H>
  </Size>
  <ESize>
    <W>1225</W>
    <H>1180</H>
  </ESize>
  <Excl>jgraspvex.DoublyLinkedList#add
jgraspvex.DoublyLinkedList#printValues
jgraspvex.DoublyLinkedList#swap</Excl>
</Canvas>
