<?xml version="1.0" encoding="UTF-8" standalone="no"?>
<Canvas xmlns="http://www.jgrasp.org">
  <Language>Java</Language>
  <ShowTypes>false</ShowTypes>
  <Version>2</Version>
  <Grid>
    <Snap>true</Snap>
    <Show>false</Show>
  </Grid>
  <Scope id="0">
    <Name>main</Name>
    <Signature>([Ljava/lang/String;)V</Signature>
    <DeclaringType>LinkedListExample</DeclaringType>
    <Depth>0</Depth>
  </Scope>
  <Frame>
    <Bounds>
      <AutoSize>true</AutoSize>
      <X>250</X>
      <Y>90</Y>
      <W>555</W>
      <H>393</H>
    </Bounds>
    <Viewer>
      <ScopeID>0</ScopeID>
      <Expression>`local jgraspvex.LinkedList` list</Expression>
      <ViewerClass>java__lang__Object_LinkedView</ViewerClass>
    </Viewer>
  </Frame>
  <Frame>
    <Bounds>
      <AutoSize>true</AutoSize>
      <X>50</X>
      <Y>90</Y>
      <W>119</W>
      <H>188</H>
    </Bounds>
    <Viewer>
      <ScopeID>0</ScopeID>
      <Expression>`local jgraspvex.LinkedList` list</Expression>
      <ViewerClass>java__util__Collection_ToStringView</ViewerClass>
    </Viewer>
  </Frame>
  <Size>
    <W>951</W>
    <H>867</H>
  </Size>
  <ESize>
    <W>951</W>
    <H>867</H>
  </ESize>
</Canvas>
