<?xml version="1.0" encoding="UTF-8" standalone="no"?>
<Canvas xmlns="http://www.jgrasp.org">
  <Language>Java</Language>
  <Grid>
    <Snap>true</Snap>
    <Show>false</Show>
  </Grid>
  <Scope id="0">
    <Name>main</Name>
    <Signature>([Ljava/lang/String;)V</Signature>
    <DeclaringType>MonitorsExample</DeclaringType>
    <Depth>0</Depth>
  </Scope>
  <Frame>
    <Bounds>
      <AutoSize>true</AutoSize>
      <X>50</X>
      <Y>70</Y>
      <W>248</W>
      <H>194</H>
    </Bounds>
    <Viewer>
      <ScopeID>0</ScopeID>
      <Expression>MonitorsExample.sync</Expression>
      <ViewerClass>java__lang__Object_MonitorsView</ViewerClass>
    </Viewer>
  </Frame>
  <Size>
    <W>694</W>
    <H>556</H>
  </Size>
</Canvas>
